source_id,source_type,pmcid,doi,identifier_type,identifier,record_url,related_publication_doi,license,verification_sources,citation
SRC_0001,PharmD thesis,,,TUMS thesis number,5080,https://lib.tums.ac.ir/site/catalogue/188821,10.1016/j.apt.2012.01.007,Institutional terms; no CC license stated,TUMS Library catalogue; source document,"Design of salmeterol-carrier particles for a dry powder inhaler formulation. Mohammad Reza Rahmati. PharmD thesis, Tehran University of Medical Sciences, Faculty of Pharmacy, 1391–1392."
SRC_0002,PharmD thesis,,,TUMS thesis number,5147,https://lib.tums.ac.ir/site/catalogue/188941,10.1016/j.powtec.2013.02.025,Institutional terms; no CC license stated,TUMS Library catalogue; source document,"Preparation and evaluation of inhalable clarithromycin microparticles by spray drying. Eshagh Esfandi. PharmD thesis, Tehran University of Medical Sciences, Faculty of Pharmacy, 1391–1392."
SRC_0003,PharmD thesis,,,TUMS thesis number,5551,https://lib.tums.ac.ir/site/catalogue/189459,10.1080/10837450.2018.1507039,Institutional terms; no CC license stated,TUMS Library catalogue; source document,"Evaluation of the effect of sugars on the stability of IgG processed by spray-freeze drying. Behnaz Daneshmand. PharmD thesis, Tehran University of Medical Sciences, Faculty of Pharmacy, 1395–1396."
SRC_0004,PhD dissertation,,,TUMS PhD thesis number,P-316,https://lib.tums.ac.ir/site/catalogue/189511,10.3109/10837450.2015.1086369,Institutional terms; no CC license stated,TUMS Library catalogue; source document,"Formulation and pharmacokinetic evaluation of a dry powder inhaler containing sildenafil–PLGA nanoparticles. Elham Ghasemian. PhD thesis, Tehran University of Medical Sciences, Faculty of Pharmacy, 1393–1394."
SRC_0005,PhD dissertation,,,TUMS PhD thesis number,P-335/1,https://lib.tums.ac.ir/site/catalogue/189608,,Institutional terms; no CC license stated,TUMS Library catalogue; source document,"Preparation of spray-dried infliximab powder and characterization of its anti-inflammatory effect in a mouse model of acute asthma. Homa Faghihi. PhD dissertation, Tehran University of Medical Sciences, Faculty of Pharmacy, 2015–2016."
SRC_0006,PharmD thesis,,,TUMS thesis number,5552,https://lib.tums.ac.ir/site/catalogue/189474,10.1208/s12249-018-1023-2,Institutional terms; no CC license stated,TUMS Library catalogue; source document,"Evaluation of the effect of simultaneous presence of sugar and cyclodextrin on the stability of IgG processed by spray-freeze drying. Maryam Amini Pouya. PharmD thesis #5552, Tehran University of Medical Sciences, Faculty of Pharmacy, 1395-96 (2016-2017)."
SRC_0007,PharmD thesis,,,TUMS thesis number,5666,https://lib.tums.ac.ir/site/catalogue/191052,10.1016/j.jddst.2021.102356,Institutional terms; no CC license stated,TUMS Library catalogue; source document,"Design and evaluation of inhalable rizatriptan particles processed by spray freeze drying. Mahsa Keyhan Shokouh. PharmD thesis, Tehran University of Medical Sciences, Faculty of Pharmacy, 1396–1397."
SRC_0008,PhD dissertation,,,SBMU catalogue record ID,173695,https://dlib.sbmu.ac.ir/site/catalogue/173695,10.1016/j.ejps.2019.04.001,Institutional terms; no CC license stated,SBMU Digital Library catalogue record; source document,"Teymouri Rad, R. Preparation and in vitro/in vivo evaluation of tadalafil nanoaggregates as a novel potential inhalable DPI system. PhD (Pharmaceutics) dissertation, Shahid Beheshti University of Medical Sciences, Faculty of Pharmacy, 1396 [2017–2018]. SBMU catalogue record 173695; thesis no. 275."
SRC_0009,PharmD thesis,,,TUMS thesis number,6075,https://lib.tums.ac.ir/site/catalogue/224577,,Institutional terms; no CC license stated,TUMS Library catalogue; source document,"Design and evaluation of inhalable gemifloxacin particles processed by spray freeze drying. PharmD thesis on spray-processed inhalable antibiotic powder (figures reference gemifloxacin, cyclodextrins), Tehran University of Medical Sciences, Faculty of Pharmacy, ~2020."
SRC_0010,PharmD thesis,,,TUMS thesis number,6006,https://lib.tums.ac.ir/site/catalogue/229307,10.1016/j.jddst.2025.107251,Institutional terms; no CC license stated,TUMS Library catalogue; source document,"Processing of desmopressin dry powder inhaler by spray freeze drying and evaluation of formulation variables on aerodynamic properties and drug stability. PharmD thesis on dry powder inhaler of desmopressin (peptide), Tehran University of Medical Sciences, Faculty of Pharmacy, ~2021. Title/author/supervisor not present in extracted pages."
SRC_0011,PharmD thesis,,,TUMS thesis number,6079,https://lib.tums.ac.ir/site/catalogue/235784,,Institutional terms; no CC license stated,TUMS Library catalogue; source document,"Processing of oseltamivir phosphate dry powder inhaler by spray drying and evaluation of formulation variables on aerodynamic properties and drug stability. Rojin Abinama. PharmD thesis, Tehran University of Medical Sciences, Faculty of Pharmacy, 1401-02 (2022-2023)."
SRC_0012,PharmD thesis,,,TUMS thesis number,6034,https://lib.tums.ac.ir/site/catalogue/231804,10.1016/j.apt.2023.104152,Institutional terms; no CC license stated,TUMS Library catalogue; source document,"Processing of montelukast dry powder inhaler by spray freeze drying and evaluation of formulation variables on aerodynamic properties. Kimia Azad. PharmD thesis, Tehran University of Medical Sciences, Faculty of Pharmacy, n.d. [date not stated in the source document]."
SRC_0013,PhD dissertation,,,TUMS PhD thesis number,P-525,https://lib.tums.ac.ir/site/catalogue/195701,10.34172/apb.2023.086,Institutional terms; no CC license stated,TUMS Library catalogue; source document,"Processing of buserelin dry powder inhaler by spray freeze drying, evaluation of formulation variables on drug stability, and pharmacokinetic study of the optimized formulation. Mostafa Rostamnejad. PhD (Pharmaceutics) thesis پ-525, Tehran University of Medical Sciences, Faculty of Pharmacy, 1402 (2023)."
SRC_0014,PharmD thesis,,,TUMS thesis number,6088,https://lib.tums.ac.ir/site/catalogue/231801,,Institutional terms; no CC license stated,TUMS Library catalogue; source document,"Formulation and evaluation of physicochemical properties of a dry powder inhaler containing posaconazole nanoparticles. Mohammad Mahdi Ramezani. PharmD thesis, Tehran University of Medical Sciences, Faculty of Pharmacy, 1401–1402 [2022–2023]."
SRC_0015,PhD dissertation,,,TUMS catalogue record ID,205580,https://lib.tums.ac.ir/site/catalogue/205580,10.34172/PS.2023.30,Institutional terms; no CC license stated,TUMS Library catalogue; source document,"Formulation of a cinacalcet dry powder inhaler and evaluation of its pharmacokinetic variables using an isolated perfused rat lung model. Katayoun Mireskandari. PhD thesis, Tehran University of Medical Sciences, Faculty of Pharmacy, 1403 [2024–2025]."
SRC_0016,PharmD thesis,,,TUMS document number,111317,https://lib.tums.ac.ir/site/catalogue/260454,,Institutional terms; no CC license stated,TUMS Library catalogue; source document,"Evaluation of the effect of amino acids on improving the aerodynamic properties of gemifloxacin inhalable particles processed by spray drying. Marzieh Aghadadashi. PharmD thesis, Tehran University of Medical Sciences, International Campus, Faculty of Pharmacy, 1403–1404."
SRC_0017,PharmD thesis,,,TUMS International Campus thesis number,111234,https://lib.tums.ac.ir/site/catalogue/259688,,Institutional terms; no CC license stated,TUMS Library catalogue; source document,"Design of inhalable oseltamivir phosphate particles processed by spray freeze drying and evaluation of formulation variables affecting aerodynamic properties and stability. Elaheh Morovvati. PharmD thesis, Tehran University of Medical Sciences, International Campus, Faculty of Pharmacy, 1403–1404."
SRC_0018,PhD dissertation,,,TUMS PhD thesis number,P-331/1,https://lib.tums.ac.ir/site/catalogue/197815,10.1515/acph-2016-0012,Institutional terms; no CC license stated,TUMS Library catalogue; source document,"Formulation of parathyroid hormone using spray freeze drying to prepare a dry powder inhaler. Narges Poursina. PhD dissertation, Tehran University of Medical Sciences, Faculty of Pharmacy, 1394–1395."
SRC_0019,article,,10.14356/hptf.18506,DOI,10.14356/hptf.18506,https://doi.org/10.14356/hptf.18506,,CC BY 2.1 JP,Institutional repository; source document,Preparation and Evaluation of Enhanced Alveoli-delivery Dry Powder Inhaler Formulations. Jun Yee TSE et al. (2020). Hosokawa Powder Technology Foundation ANNUAL REPORT.
SRC_0020,article,PMC7757990,10.22037/ijpr.2019.15208.12963,DOI,10.22037/ijpr.2019.15208.12963,https://doi.org/10.22037/ijpr.2019.15208.12963,,CC BY 3.0,Institutional repository; source document,"Preparation, Statistical Optimization and In-vitro Characterization of a Dry Powder Inhaler (DPI) Containing Solid Lipid Nanoparticles Encapsulating Amphotericin B: Ion Paired Complexes with Distearoyl Phosphatidylglycerol. Mehrabani Yeganeh E (2020). Iranian journal of pharmaceutical research : IJPR."
SRC_0021,article,PMC7356266,10.3390/pharmaceutics12060535,DOI,10.3390/pharmaceutics12060535,https://doi.org/10.3390/pharmaceutics12060535,,CC BY 4.0,Institutional repository; source document,"Development of an Innovative, Carrier-Based Dry Powder Inhalation Formulation Containing Spray-Dried Meloxicam Potassium to Improve the In Vitro and In Silico Aerodynamic Properties. Edit Benke et al. (2020). Pharmaceutics."
SRC_0022,article,PMC7822152,10.3390/pharmaceutics13010009,DOI,10.3390/pharmaceutics13010009,https://doi.org/10.3390/pharmaceutics13010009,,CC BY 4.0,Institutional repository; source document,Development and Evaluation of Paclitaxel and Curcumin Dry Powder for Inhalation Lung Cancer Treatment. Wing-Hin Lee et al. (2020). Pharmaceutics.
SRC_0023,article,PMC7824383,10.3390/pharmaceutics13010026,DOI,10.3390/pharmaceutics13010026,https://doi.org/10.3390/pharmaceutics13010026,,CC BY 4.0,Institutional repository; source document,"Organic Solution Advanced Spray-Dried Microparticulate/Nanoparticulate Dry Powders of Lactomorphin for Respiratory Delivery: Physicochemical Characterization, In Vitro Aerosol Dispersion, and Cellular Studies. Wafaa Alabsi et al. (2020). Pharmaceutics."
SRC_0024,article,PMC7760073,10.3390/pharmaceutics12121154,DOI,10.3390/pharmaceutics12121154,https://doi.org/10.3390/pharmaceutics12121154,,CC BY 4.0,Institutional repository; source document,Development of High Dose Oseltamivir Phosphate Dry Powder for Inhalation Therapy in Viral Pneumonia. Shahir Aziz et al. (2020). Pharmaceutics.
SRC_0025,article,PMC7214557,10.1007/s40199-019-00317-9,DOI,10.1007/s40199-019-00317-9,https://doi.org/10.1007/s40199-019-00317-9,,CC BY 4.0,Institutional repository; source document,The effect of metal salts on aerosol performance of spray dried carrier-free formulations of levofloxacin. Ahmadreza Barazesh et al. (2020). DARU Journal of Pharmaceutical Sciences.
SRC_0026,article,PMC8043385,10.1371/journal.pone.0249683,DOI,10.1371/journal.pone.0249683,https://doi.org/10.1371/journal.pone.0249683,,CC BY 4.0,Institutional repository; source document,Puerarin dry powder inhaler formulations for pulmonary delivery: Development and characterization. Md Abdur Rashid et al. (2021). PLOS ONE.
SRC_0027,article,PMC8699692,10.1371/journal.pone.0261720,DOI,10.1371/journal.pone.0261720,https://doi.org/10.1371/journal.pone.0261720,,CC BY 4.0,Institutional repository; source document,Inhaled ciprofloxacin-loaded poly(2-ethyl-2-oxazoline) nanoparticles from dry powder inhaler formulation for the potential treatment of lower respiratory tract infections. Mohammad Zaidur Rahman Sabuj et al. (2021). PLOS ONE.
SRC_0028,article,,10.1016/j.ijpharm.2022.121758,DOI,10.1016/j.ijpharm.2022.121758,https://doi.org/10.1016/j.ijpharm.2022.121758,,CC BY 4.0,Institutional repository; source document,Leucine improves the aerosol performance of dry powder inhaler formulations of siRNA-loaded nanoparticles. You Xu et al. (2022). International Journal of Pharmaceutics.
SRC_0029,article,,10.3389/fddev.2022.945459,DOI,10.3389/fddev.2022.945459,https://doi.org/10.3389/fddev.2022.945459,,CC BY 4.0,Institutional repository; source document,Inhalable Composite Microparticles Containing siRNA-Loaded Lipid-Polymer Hybrid Nanoparticles: Saccharides and Leucine Preserve Aerosol Performance and Long-Term Physical Stability. You Xu et al. (2022). Frontiers in Drug Delivery.
SRC_0030,article,,10.3389/fddev.2022.973599,DOI,10.3389/fddev.2022.973599,https://doi.org/10.3389/fddev.2022.973599,,CC BY 4.0,Institutional repository; source document,Optimizing the design and dosing of dry powder inhaler formulations of the cationic liposome adjuvant CAF®01 for pulmonary immunization. Aneesh Thakur et al. (2022). Frontiers in Drug Delivery.
SRC_0031,article,PMC8955190,10.3390/ph15030321,DOI,10.3390/ph15030321,https://doi.org/10.3390/ph15030321,,CC BY 4.0,Institutional repository; source document,Novel Fluticasone Propionate and Salmeterol Fixed-Dose Combination Nano-Encapsulated Particles Using Polyamide Based on L-Lysine. Mohammad H. Alyami et al. (2022). Pharmaceuticals.
SRC_0032,article,PMC9610629,10.3390/ph15101223,DOI,10.3390/ph15101223,https://doi.org/10.3390/ph15101223,,CC BY 4.0,Institutional repository; source document,Stability of Inhaled Ciprofloxacin-Loaded Poly(2-ethyl-2-oxazoline) Nanoparticle Dry Powder Inhaler Formulation in High Stressed Conditions. Mohammad Zaidur Rahman Sabuj et al. (2022). Pharmaceuticals.
SRC_0033,article,PMC8876093,10.3390/pharmaceutics14020300,DOI,10.3390/pharmaceutics14020300,https://doi.org/10.3390/pharmaceutics14020300,,CC BY 4.0,Institutional repository; source document,Rational Development of a Carrier-Free Dry Powder Inhalation Formulation for Respiratory Viral Infections via Quality by Design: A Drug-Drug Cocrystal of Favipiravir and Theophylline. Si Nga Wong et al. (2022). Pharmaceutics.
SRC_0034,article,,10.1016/j.ijpharm.2023.122702,DOI,10.1016/j.ijpharm.2023.122702,https://doi.org/10.1016/j.ijpharm.2023.122702,,CC BY 4.0,Institutional repository; source document,Role of dispersion enhancer selection in the development of novel tratinterol hydrochloride dry powder inhalation formulations. Tingting Liu et al. (2023). International Journal of Pharmaceutics.
SRC_0035,article,,10.1016/j.ejpb.2023.06.018,DOI,10.1016/j.ejpb.2023.06.018,https://doi.org/10.1016/j.ejpb.2023.06.018,,CC BY 4.0,Institutional repository; source document,Spray dried progesterone formulations for carrier free dry powder inhalation. Thomas Hibbard et al. (2023). European Journal of Pharmaceutics and Biopharmaceutics.
SRC_0036,article,PMC10386112,10.3390/mi14071348,DOI,10.3390/mi14071348,https://doi.org/10.3390/mi14071348,,CC BY 4.0,Institutional repository; source document,Investigation of Physico-Chemical Stability and Aerodynamic Properties of Novel “Nano-in-Micro” Structured Dry Powder Inhaler System. Petra Party et al. (2023). Micromachines.
SRC_0037,article,PMC9966768,10.3390/pharmaceutics15020674,DOI,10.3390/pharmaceutics15020674,https://doi.org/10.3390/pharmaceutics15020674,,CC BY 4.0,Institutional repository; source document,Impact of Leucine and Magnesium Stearate on the Physicochemical Properties and Aerosolization Behavior of Wet Milled Inhalable Ibuprofen Microparticles for Developing Dry Powder Inhaler Formulation. Shahjabeen Sharif et al. (2023). Pharmaceutics.
SRC_0038,article,PMC10145907,10.3390/pharmaceutics15041238,DOI,10.3390/pharmaceutics15041238,https://doi.org/10.3390/pharmaceutics15041238,,CC BY 4.0,Institutional repository; source document,Pulmonary Application of Novel Antigen-Loaded Chitosan Nano-Particles Co-Administered with the Mucosal Adjuvant C-Di-AMP Resulted in Enhanced Immune Stimulation and Dose Sparing Capacity. Thomas Ebensen et al. (2023). Pharmaceutics.
SRC_0039,article,PMC9845529,10.1093/rb/rbac099,DOI,10.1093/rb/rbac099,https://doi.org/10.1093/rb/rbac099,,CC BY 4.0,Institutional repository; source document,Inhalable microparticles as drug delivery systems to the lungs in a dry powder formulations. Karolina Knap et al. (2023). Regenerative Biomaterials.
SRC_0040,article,,10.1016/j.jaerosci.2023.106290,DOI,10.1016/j.jaerosci.2023.106290,https://doi.org/10.1016/j.jaerosci.2023.106290,,CC BY 4.0,Institutional repository; source document,Preparing dry powder inhalation formulation of salbutamol sulfate using an ultrasonic atomizer device. Shadi Yaqoubi et al. (2024). Journal of Aerosol Science.
SRC_0041,article,,10.1016/j.ijpharm.2024.123841,DOI,10.1016/j.ijpharm.2024.123841,https://doi.org/10.1016/j.ijpharm.2024.123841,,CC BY 4.0,Institutional repository; source document,Inhaled dry powder liposomal azithromycin for treatment of chronic lower respiratory tract infection. Yahya H. Dallal Bashi et al. (2024). International Journal of Pharmaceutics.
SRC_0042,article,,10.1016/j.ejps.2024.106828,DOI,10.1016/j.ejps.2024.106828,https://doi.org/10.1016/j.ejps.2024.106828,,CC BY 4.0,Institutional repository; source document,Influence of particle diameter on aerosolization performance and release of budesonide loaded mesoporous silica particles. Irès van der Zwaan et al. (2024). European Journal of Pharmaceutical Sciences.
SRC_0043,article,PMC11268259,10.1080/10717544.2024.2381340,DOI,10.1080/10717544.2024.2381340,https://doi.org/10.1080/10717544.2024.2381340,,CC BY 4.0,Institutional repository; source document,Disordered mesoporous silica particles: an emerging platform to deliver proteins to the lungs. Aura Rocío Hernández et al. (2024). Drug Delivery.
SRC_0044,article,PMC10818896,10.3390/ph17010075,DOI,10.3390/ph17010075,https://doi.org/10.3390/ph17010075,,CC BY 4.0,Institutional repository; source document,"A Novel Combined Dry Powder Inhaler Comprising Nanosized Ketoprofen-Embedded Mannitol-Coated Microparticles for Pulmonary Inflammations: Development, In Vitro–In Silico Characterization, and Cell Line Evaluation. Heba Banat et al. (2024). Pharmaceuticals."
SRC_0045,article,PMC11206430,10.3390/ph17060754,DOI,10.3390/ph17060754,https://doi.org/10.3390/ph17060754,,CC BY 4.0,Institutional repository; source document,Design of Experiment (DoE) Approach for Developing Inhalable PLGA Microparticles Loaded with Clofazimine for Tuberculosis Treatment. Druva Sarika Rongala et al. (2024). Pharmaceuticals.
SRC_0046,article,PMC11357607,10.3390/pharmaceutics16080980,DOI,10.3390/pharmaceutics16080980,https://doi.org/10.3390/pharmaceutics16080980,,CC BY 4.0,Institutional repository; source document,Dry Powder Inhaler Formulation of Lactobacillus rhamnosus GG Targeting Pseudomonas aeruginosa Infection in Bronchiectasis Maintenance Therapy. The-Thien Tran et al. (2024). Pharmaceutics.
SRC_0047,article,PMC11728515,10.3390/pharmaceutics16121506,DOI,10.3390/pharmaceutics16121506,https://doi.org/10.3390/pharmaceutics16121506,,CC BY 4.0,Institutional repository; source document,Development and Characterization of Spray-Dried Combined Levofloxacin–Ambroxol Dry Powder Inhaler Formulation. Ruwani K. Suraweera et al. (2024). Pharmaceutics.
SRC_0048,preprint,,10.21203/rs.3.rs-3867336/v1,DOI,10.21203/rs.3.rs-3867336/v1,https://doi.org/10.21203/rs.3.rs-3867336/v1,,CC BY 4.0,Institutional repository; source document,Exploring the potential of three-layered self-assembled biomaterial-based dry powder inhaler for enhanced structural integrity and lung deposition of bioactive Lysozyme. Pradip Thakare et al. (2024).
SRC_0049,article,,10.1016/j.powtec.2025.120788,DOI,10.1016/j.powtec.2025.120788,https://doi.org/10.1016/j.powtec.2025.120788,,CC BY 4.0,Institutional repository; source document,"Spray freeze-drying for inhalable L-leucine, mannitol-based microparticles: The impact of process variables, L-leucine, and crystallinity on Aerosolization properties. Lorena Pasero et al. (2025). Powder Technology."
SRC_0050,article,,10.7324/JAPS.2025.206829,DOI,10.7324/JAPS.2025.206829,https://doi.org/10.7324/JAPS.2025.206829,,CC BY 4.0,Institutional repository; source document,Development and evaluation of remdesivir dry powder inhalation formulation by spray drying technique. Mukesh Pandurang Ratnaparkhi et al. (2024). Journal of Applied Pharmaceutical Science.
SRC_0051,article,,10.3390/app15031547,DOI,10.3390/app15031547,https://doi.org/10.3390/app15031547,,CC BY 4.0,Institutional repository; source document,"Evaluation of Permeability, Safety, and Stability of Nanosized Ketoprofen Co-Spray-Dried with Mannitol for Carrier-Free Pulmonary Systems. Heba Banat et al. (2025). Applied Sciences."
SRC_0052,article,PMC12072997,10.3390/ijms26094320,DOI,10.3390/ijms26094320,https://doi.org/10.3390/ijms26094320,,CC BY 4.0,Institutional repository; source document,Nano-Spray-Drying of Cyclodextrin/Ibuprofen Complexes with Aerosolization-Enhancing Additives for Pulmonary Drug Delivery. Anett Motzwickler-Németh et al. (2025). International Journal of Molecular Sciences.
SRC_0053,article,PMC12587441,10.1021/acs.molpharmaceut.5c00663,DOI,10.1021/acs.molpharmaceut.5c00663,https://doi.org/10.1021/acs.molpharmaceut.5c00663,,CC BY 4.0,Institutional repository; source document,Machine Learning-Guided Prediction of Formulation Performance in Inhalable Ciprofloxacin–Bile Acid Dispersions with Antimicrobial and Toxicity Evaluation. Tareq Zeyad Bahjat et al. (2025). Molecular Pharmaceutics.
SRC_0054,article,PMC12030175,10.3390/pharmaceutics17040466,DOI,10.3390/pharmaceutics17040466,https://doi.org/10.3390/pharmaceutics17040466,,CC BY 4.0,Institutional repository; source document,"Optimization, In Vitro, and In Silico Characterization of Theophylline Inhalable Powder Using Raffinose-Amino Acid Combination as Fine Co-Spray-Dried Carriers. Petra Party et al. (2025). Pharmaceutics."
SRC_0055,article,PMC12030394,10.3390/pharmaceutics17040486,DOI,10.3390/pharmaceutics17040486,https://doi.org/10.3390/pharmaceutics17040486,,CC BY 4.0,Institutional repository; source document,Nanoparticle-Based Dry Powder Inhaler Containing Ciprofloxacin for Enhanced Targeted Antibacterial Therapy. Petra Party et al. (2025). Pharmaceutics.
SRC_0056,article,PMC12114934,10.3390/pharmaceutics17050634,DOI,10.3390/pharmaceutics17050634,https://doi.org/10.3390/pharmaceutics17050634,,CC BY 4.0,Institutional repository; source document,Preparation of Carrier-Free Inhalable Dry Powder of Rivaroxaban Using Two-Step Milling for Lung-Targeted Delivery. Young-Jin Kim et al. (2025). Pharmaceutics.
SRC_0057,article,PMC12300973,10.3390/pharmaceutics17070909,DOI,10.3390/pharmaceutics17070909,https://doi.org/10.3390/pharmaceutics17070909,,CC BY 4.0,Institutional repository; source document,Three-Compartment Pharmacokinetics of Inhaled and Injected Sinapine Thiocyanate Manifest Prolonged Retention and Its Therapeutics in Acute Lung Injury. Zixin Li et al. (2025). Pharmaceutics.
SRC_0058,article,PMC12567144,10.3390/pharmaceutics17101339,DOI,10.3390/pharmaceutics17101339,https://doi.org/10.3390/pharmaceutics17101339,,CC BY 4.0,Institutional repository; source document,Development of Co-Amorphous Systems for Inhalation Therapy—Part 2: In Silico Guided Co-Amorphous Rifampicin–Moxifloxacin and –Ethambutol Formulations. Eleonore Fröhlich et al. (2025). Pharmaceutics.
SRC_0059,article,PMC6708488,10.1016/j.xphs.2019.05.011,DOI,10.1016/j.xphs.2019.05.011,https://doi.org/10.1016/j.xphs.2019.05.011,,CC BY 4.0,Institutional repository; source document,Simultaneous Particle Size Reduction and Homogeneous Mixing to Produce Combinational Powder Formulations for Inhalation by the Single-Step Co-Jet Milling. Junhong Ling et al. (2019). Journal of Pharmaceutical Sciences.
SRC_0060,article,PMC6280810,10.1007/s13346-017-0462-8,DOI,10.1007/s13346-017-0462-8,https://doi.org/10.1007/s13346-017-0462-8,,CC BY 4.0,Institutional repository; source document,Agglomerated novel spray-dried lactose-leucine tailored as a carrier to enhance the aerosolization performance of salbutamol sulfate from DPI formulations. Carlos Molina et al. (2018). Drug Delivery and Translational Research.
SRC_0061,article,PMC6836091,10.3390/pharmaceutics11100502,DOI,10.3390/pharmaceutics11100502,https://doi.org/10.3390/pharmaceutics11100502,,CC BY 4.0,Institutional repository; source document,"Inhalable Dry Powder of Bedaquiline for Pulmonary Tuberculosis: In Vitro Physicochemical Characterization, Antimicrobial Activity and Safety Studies. Mohammad A. M. Momin et al. (2019). Pharmaceutics."
SRC_0062,article,PMC8217042,10.1007/s11095-021-03061-5,DOI,10.1007/s11095-021-03061-5,https://doi.org/10.1007/s11095-021-03061-5,,CC BY 4.0,Institutional repository; source document,"Spray-Congealing and Wet-Sieving as Alternative Processes for Engineering of Inhalation Carrier Particles: Comparison of Surface Properties, Blending and In Vitro Performance. Joana T. Pinto et al. (2021). Pharmaceutical Research."
SRC_0063,article,PMC6321429,10.3390/pharmaceutics10040252,DOI,10.3390/pharmaceutics10040252,https://doi.org/10.3390/pharmaceutics10040252,,CC BY 4.0,Institutional repository; source document,Moisture-Resistant Co-Spray-Dried Netilmicin with l-Leucine as Dry Powder Inhalation for the Treatment of Respiratory Infections. Cui et al. (2018). Pharmaceutics.
SRC_0064,article,PMC9145523,10.3390/pharmaceutics14050895,DOI,10.3390/pharmaceutics14050895,https://doi.org/10.3390/pharmaceutics14050895,,CC BY 4.0,Institutional repository; source document,Dry Powder Formulation of Simvastatin Nanoparticles for Potential Application in Pulmonary Arterial Hypertension. Zendehdel Baher et al. (2022). Pharmaceutics.
SRC_0065,article,,10.31788/RJC.2022.1516652,DOI,10.31788/RJC.2022.1516652,https://doi.org/10.31788/RJC.2022.1516652,,CC BY 4.0,Institutional repository; source document,"In-vitro Physicochemical Properties and Antibacterial Activity of Ciprofloxacin-Carrageenan Inhalable Microspheres. Hariyadi et al. (2022). Rasayan Journal of Chemistry, 15(1), 132–142."
SRC_0066,article,PMC9357420,10.2147/IJN.S372582,DOI,10.2147/IJN.S372582,https://doi.org/10.2147/IJN.S372582,,CC BY-NC 3.0,Institutional repository; source document,Inhalable Nano-Dimpled Microspheres Containing Budesonide-PLGA for Improved Aerodynamic Performance. Chang-Soo Han et al. (2022). International Journal of Nanomedicine.
SRC_0067,article,PMC11994481,10.2147/IJN.S511099,DOI,10.2147/IJN.S511099,https://doi.org/10.2147/IJN.S511099,,CC BY-NC 4.0,Institutional repository; source document,Lung-Targeted Itraconazole Delivery Using PVA-Based Nano-in-Microparticles for Improved Treatment of Pulmonary Aspergillosis. Jin-Hyuk Jeong et al. (2025). International Journal of Nanomedicine.
SRC_0068,article,,10.33808/clinexphealthsci.1015166,DOI,10.33808/clinexphealthsci.1015166,https://doi.org/10.33808/clinexphealthsci.1015166,,CC BY-NC 4.0,Institutional repository; source document,Development of Triamcinolone Acetonide Loaded Poly(lactide-co-glycolic acid) Dry Powder Inhaler Formulations For The Treatment of Asthma. Aysu YURDASİPER (2022). Clinical and Experimental Health Sciences.
SRC_0069,article,,10.29228/jrp.136,DOI,10.29228/jrp.136,https://doi.org/10.29228/jrp.136,,CC BY-NC 4.0,Institutional repository; source document,Formulation and characterization of mometasone furoate and formoterol fumarate containing dry powder inhaler by spray drying and homogenization methods. Yagmur AKDAG et al. (2022). Journal of Research in Pharmacy.
SRC_0070,article,,10.1016/j.ejpb.2021.04.018,DOI,10.1016/j.ejpb.2021.04.018,https://doi.org/10.1016/j.ejpb.2021.04.018,,Closed access / no CC license,Institutional repository; source document,The combination of an innovative dry powder for inhalation and a standard cisplatin-based chemotherapy in view of therapeutic intensification against lung tumours. Selma Chraibi et al. (2021). European Journal of Pharmaceutics and Biopharmaceutics.
SRC_0071,article,PMC8752038,10.1208/s12249-021-02175-8,DOI,10.1208/s12249-021-02175-8,https://doi.org/10.1208/s12249-021-02175-8,,Closed access / no CC license,Institutional repository; source document,Comparison of HPMC Inhalation-Grade Capsules and Their Effect on Aerosol Performance Using Budesonide and Rifampicin DPI Formulations. Li Ding et al. (2022). AAPS PharmSciTech.
SRC_0072,article,,10.1016/j.xphs.2016.09.035,DOI,10.1016/j.xphs.2016.09.035,https://doi.org/10.1016/j.xphs.2016.09.035,,Closed access / no CC license,Institutional repository; source document,Evaluation of Granulated Lactose as a Carrier for Dry Powder Inhaler Formulations 2: Effect of Drugs and Drug Loading. Ping Du et al. (2017). Journal of Pharmaceutical Sciences.
SRC_0073,article,,10.1021/acs.cgd.8b01873,DOI,10.1021/acs.cgd.8b01873,https://doi.org/10.1021/acs.cgd.8b01873,,Closed access / no CC license,Crossref DOI record; source document,"Weng, J., Wong, S. N., Xu, X., Xuan, B., Wang, C., Chen, R., Sun, C. C., Lakerveld, R., Kwok, P. C. L., & Chow, S. F. Cocrystal engineering of itraconazole with suberic acid via rotary evaporation and spray drying. Crystal Growth & Design, 2019, 19(5), 2736–2745. https://doi.org/10.1021/acs.cgd.8b01873"
SRC_0074,article,,10.1080/10837450.2018.1545237,DOI,10.1080/10837450.2018.1545237,https://doi.org/10.1080/10837450.2018.1545237,,Closed access / no CC license,Institutional repository; source document,Optimization of a dry powder inhaler of ciprofloxacin-loaded polymeric nanomicelles by spray drying process. Mahdieh Farhangi et al. (2019). Pharmaceutical Development and Technology.
SRC_0075,article,,10.1016/j.ejps.2021.106008,DOI,10.1016/j.ejps.2021.106008,https://doi.org/10.1016/j.ejps.2021.106008,,Closed access / no CC license,Institutional repository; source document,Engineering of levodopa inhalable microparticles in combination with leucine and dipalmitoylphosphatidylcholine by spray drying technique. Sara Bahrainian et al. (2021). European Journal of Pharmaceutical Sciences.
SRC_0076,article,,10.1016/j.jconrel.2021.11.002,DOI,10.1016/j.jconrel.2021.11.002,https://doi.org/10.1016/j.jconrel.2021.11.002,,Closed access / no CC license,Institutional repository; source document,A respirable HPV-L2 dry-powder vaccine with GLA as amphiphilic lubricant and immune-adjuvant. Irene Rossi et al. (2021). Journal of Controlled Release.
SRC_0077,article,,10.1016/j.xphs.2022.10.007,DOI,10.1016/j.xphs.2022.10.007,https://doi.org/10.1016/j.xphs.2022.10.007,,Closed access / no CC license,Institutional repository; source document,Twin-Screw Continuous Mixing Can Produce Dry Powder Inhalation Mixtures for Pulmonary Delivery. Angela Ren et al. (2023). Journal of Pharmaceutical Sciences.
SRC_0078,article,,,DDL conference paper number,28,https://ddl-conference.com/ddl2021/conference-papers/leveraging-dpi-formulation-screening-particle-particle-interaction/,,Closed access / no CC license,DDL 2021 official conference paper record; source document,"Borda d’Água, R., & Pereira, J. Leveraging DPI formulation screening: particle-particle interaction. Drug Delivery to the Lungs 32, 2021, podium paper 28."
SRC_0079,article,,10.1248/cpb.c21-00934,DOI,10.1248/cpb.c21-00934,https://doi.org/10.1248/cpb.c21-00934,,CC BY-NC 4.0 only,Institutional repository; source document,"Formulation of Biopharmaceutical Dry Powder Inhaler Using the Void Forming Index (VFI) to Detect and Avoid Powder Caking in Dry Powder Inhaler Formulations. Authors: Sunao Maruyama, Makoto Miyajima, Etsuo Yonemochi (Daiichi Sankyo Co.; Hoshi University, Japan). Chem. Pharm. Bull. 70(4):245-253, 2022."
SRC_0080,preprint,,10.2139/ssrn.5342987,DOI,10.2139/ssrn.5342987,https://doi.org/10.2139/ssrn.5342987,,Closed access / no CC license,Crossref DOI record; source document,"Jeong, J.-H., Hong, S., Kwon, J.-H., Yang, S., Kim, D.-W., Song, N., Cho, H., & Park, C.-W. Machine learning-based prediction of aerodynamic performance in arformoterol-lactose dry powder inhaler formulations using surface roughness features. SSRN, 2025. https://doi.org/10.2139/ssrn.5342987"
SRC_0081,article,,10.1016/j.ijpharm.2026.126711,DOI,10.1016/j.ijpharm.2026.126711,https://doi.org/10.1016/j.ijpharm.2026.126711,,Closed access / no CC license,Crossref DOI record; source document,"Nair, V. V., Moore, R., Ding, L., Li, W., Wei, Y., Reid, D. L., & Smyth, H. D. C. Effect of formulation composition on stability and aerosol performance of respirable high load monoclonal antibody powders. International Journal of Pharmaceutics, 2026, 694, 126711. https://doi.org/10.1016/j.ijpharm.2026.126711"
SRC_0082,article,,,Pharm. Ind. bibliographic identifier,77(10):1535–1542,https://www.ecv.de/beitrag/pharmind/Development_of_Carrier_Free_Montelukast_Dry_Powder_Inhalation_Formulation,,Closed access / no CC license,ECV / Editio Cantor Verlag official article record; source document,"Faramarzi, P., Haririan, I., Ghanbarzadeh, S., Yaqoubi, S., & Hamishehkar, H. Development of carrier free montelukast dry powder inhalation formulation. Pharm. Ind. 2015, 77(10), 1535–1542."
SRC_0083,article,,10.1016/j.ejpb.2016.11.036,DOI,10.1016/j.ejpb.2016.11.036,https://doi.org/10.1016/j.ejpb.2016.11.036,,Closed access / no CC license,Institutional repository; source document,Design and development of dry powder sulfobutylether-β-cyclodextrin complex for pulmonary delivery of fisetin. Noratiqah Mohtar et al. (2017). European Journal of Pharmaceutics and Biopharmaceutics.
SRC_0084,article,,10.1016/j.ijpharm.2019.01.062,DOI,10.1016/j.ijpharm.2019.01.062,https://doi.org/10.1016/j.ijpharm.2019.01.062,,Closed access / no CC license,Crossref DOI record; source document,"Tran, T.-T., Yu, H., Vidaillac, C., Lim, A. Y. H., Abisheganaden, J. A., Chotirmall, S. H., & Hadinoto, K. An evaluation of inhaled antibiotic liposome versus antibiotic nanoplex in controlling infection in bronchiectasis. International Journal of Pharmaceutics, 2019, 559, 382–392. https://doi.org/10.1016/j.ijpharm.2019.01.062"
SRC_0085,article,PMC6708472,10.1016/j.ijpharm.2019.118504,DOI,10.1016/j.ijpharm.2019.118504,https://doi.org/10.1016/j.ijpharm.2019.118504,,Closed access / no CC license,Institutional repository; source document,Correlations between surface composition and aerosolization of jet-milled dry powder inhaler formulations with pharmaceutical lubricants. Sharad Mangal et al. (2019). International Journal of Pharmaceutics.
SRC_0086,article,PMC7484320,10.1021/acs.molpharmaceut.0c00390,DOI,10.1021/acs.molpharmaceut.0c00390,https://doi.org/10.1021/acs.molpharmaceut.0c00390,,Closed access / no CC license,Institutional repository; source document,Inhalable Nanocomposite Microparticles with Enhanced Dissolution and Superior Aerosol Performance. Chune Zhu et al. (2020). Molecular Pharmaceutics.
SRC_0087,MSc thesis,,,Pergamos repository ID,uoadl:2918948,https://pergamos.lib.uoa.gr/,,Repository terms; no CC license stated,Institutional repository; source document,"Development of microparticles embedding Biomolecule-loaded Calcium Phosphate nanoparticles (CaPs) for inhalation: A Quality by Design approach. Alexandros Filippakis. MSc (Industrial Pharmacy), National and Kapodistrian University of Athens (Dept of Pharmacy) & University of Parma, 2020."
SRC_0088,MSc thesis,,,University of Lisbon handle,10451/54774,https://hdl.handle.net/10451/54774,,Repository terms; no CC license stated,Institutional repository; source document,"DTPA and antibiotic DPI formulations to treat pulmonary biofilm infections. Filipa Isabel Micaelo Grosso. MSc (Pharmaceutical Engineering), Faculdade de Farmacia, Universidade de Lisboa, Portugal, 2020."
SRC_0089,PhD dissertation,,,NTU handle,10356/145374,https://hdl.handle.net/10356/145374,,Repository terms; no CC license stated,Institutional repository; source document,"Development of mucus-penetrating antibiotic and quorum sensing inhibitor nanoparticle complex for bronchiectasis therapy. Tran The Thien. PhD, School of Chemical and Biomedical Engineering, Nanyang Technological University (NTU), Singapore, 2020."
SRC_0090,PhD dissertation,,,UT Austin thesis DOI,10.26153/tsw/42240,https://doi.org/10.26153/tsw/42240,,Repository terms; no CC license stated,Institutional repository; source document,"Development of Dry Powder Inhalation for Biological Drug Modalities. Yajie Zhang. PhD dissertation, The University of Texas at Austin, USA, May 2020."
SRC_0091,PhD dissertation,,,QUT thesis DOI,10.5204/thesis.eprints.213224,https://doi.org/10.5204/thesis.eprints.213224,,Repository terms; no CC license stated,Institutional repository; source document,"Novel Nanoformulations and Nanosensors for Bioactive Molecules of Biomedical Significance. Saiqa Muneer. PhD, School of Chemistry and Physics, Faculty of Science, Queensland University of Technology (QUT), Australia, 2021."
SRC_0092,PhD dissertation,,,Kiel MACAU derivative ID,00002108,https://macau.uni-kiel.de/servlets/MCRFileNodeServlet/macau_derivate_00002108/Tobias_Gutowski.pdf,,Repository terms; no CC license stated,Institutional repository; source document,"Inhalable Cannabidiol — Formulation Considerations for Extremely Lipophilic, UV-labile Substances. Paul Friedrich Tobias Gutowski. PhD (Dr. rer. nat.), Faculty of Mathematics and Natural Sciences, Kiel University (Christian-Albrechts-Universitat zu Kiel), Germany, 2021. Reviewer: Prof. Dr. Regina Scherliess; co-reviewer: Prof. Dr. Hartwig Steckel."
SRC_0093,PhD dissertation,,,University of Bonn handle,20.500.11811/10500,https://hdl.handle.net/20.500.11811/10500,,Repository terms; no CC license stated,Institutional repository; source document,"Particle Engineering for High Dose Dry Powder Inhalation of Itraconazole. Ann-Cathrin Willmann. PhD (Dr. rer. nat.), Mathematisch-Naturwissenschaftliche Fakultat, Rheinische Friedrich-Wilhelms-Universitat Bonn, Germany, 2022. Reviewers: Prof. Dr. Karl G. Wagner; PD Dr. Herbert Wachtel."
SRC_0094,MPhil thesis,,,QUT thesis DOI,10.5204/thesis.eprints.229268,https://doi.org/10.5204/thesis.eprints.229268,,Repository terms; no CC license stated,Institutional repository; source document,"Preparation of Inhalable Ibuprofen Microparticles by Wet Milling for Developing an Efficient Dry Powder Inhaler Formulation. Shahjabeen Sharif. MPhil, Faculty of Health, School of Clinical Sciences, Queensland University of Technology (QUT), Australia, 2022."
SRC_0095,PhD dissertation,,,University of Szeged thesis DOI,10.14232/phd.11789,https://doi.org/10.14232/phd.11789,,Repository terms; no CC license stated,Institutional repository; source document,"Development of Novel Formulated Ciprofloxacin Hydrochloride Containing Dry Powder Inhalation System. Dr. Edit Benke. PhD, Institute of Pharmaceutical Technology and Regulatory Affairs, University of Szeged, Hungary, 2023."
SRC_0096,PhD dissertation,,,University of Szeged thesis DOI,10.14232/phd.12109,https://doi.org/10.14232/phd.12109,,Repository terms; no CC license stated,Institutional repository; source document,"Development of Meloxicam Containing Carrier-Free ""Nano-in-Micro"" Dry Powder Inhaler Systems. dr. Petra Party. PhD, Institute of Pharmaceutical Technology and Regulatory Affairs, University of Szeged, Hungary, 2024."
SRC_0097,PhD dissertation,,,University of Szeged thesis DOI,10.14232/phd.12601,https://doi.org/10.14232/phd.12601,,Repository terms; no CC license stated,Institutional repository; source document,"Inhalable Ketoprofen Nanocrystal-Based Dry Powders for Local and Systemic Pulmonary Delivery: A Patient-Centric Approach. Heba Banat. PhD, Institute of Pharmaceutical Technology and Regulatory Affairs, University of Szeged, Hungary, 2025."
SRC_0098,PhD dissertation,,,Kiel MACAU derivative ID,00006200,https://macau.uni-kiel.de/servlets/MCRFileNodeServlet/dissertation_derivate_00006200/S.Aziz_-PhD-Thesis.pdf,,Repository terms; no CC license stated,Institutional repository; source document,"Trehalose physicochemical characteristics as a potential dry powder inhalation carrier for optimized aerosol generation. Shahir Aziz. Doctoral thesis (Dr. rer. nat.), Christian-Albrechts-University (Kiel University), Germany, 2015. Referee: Prof. Dr. Hartwig Steckel; co-referee: Prof. Dr. Thomas Kunze."
SRC_0099,PhD dissertation,,,UT Austin thesis DOI,10.26153/tsw/12393,https://doi.org/10.26153/tsw/12393,,Repository terms; no CC license stated,Institutional repository; source document,"Development of High Potency Voriconazole Nanoaggregates for Dry Powder Inhalation. Chaeho Moon. PhD dissertation, The University of Texas at Austin, USA, 2019."
SRC_0100,PhD dissertation,,,QUT thesis DOI,10.5204/thesis.eprints.108006,https://doi.org/10.5204/thesis.eprints.108006,,Repository terms; no CC license stated,Institutional repository; source document,"Development of Nicotine Loaded Chitosan Nanoparticles for Lung Delivery. Hui Wang. PhD, School of Clinical Sciences, Faculty of Health, Queensland University of Technology (QUT), Australia, 2017."
SRC_0101,PhD dissertation,,,QUT ePrint ID,107550,https://eprints.qut.edu.au/107550/,,Repository terms; no CC license stated,Institutional repository; source document,"Crystallization Engineering Techniques for Developing a Novel Dry Powder Inhaler Formulation for Ibuprofen. Afrina Afrose. PhD, School of Clinical Sciences, Faculty of Health, Queensland University of Technology (QUT), Australia, 2017."
SRC_0102,article,,10.1016/j.ijpharm.2019.03.030,DOI,10.1016/j.ijpharm.2019.03.030,https://doi.org/10.1016/j.ijpharm.2019.03.030,,verified CC license,Institutional repository; source document,1H NMR quantification of spray dried and spray freeze-dried saccharide carriers in dry powder inhaler formulations. Mai Babenko et al. (2019). International Journal of Pharmaceutics.
SRC_0103,article,,10.1016/j.ijpharm.2020.119684,DOI,10.1016/j.ijpharm.2020.119684,https://doi.org/10.1016/j.ijpharm.2020.119684,,CC BY-NC-ND 4.0,Institutional repository; source document,Development and characterization of meropenem dry powder inhaler formulation for pulmonary drug delivery. Saiqa Muneer et al. (2020). International Journal of Pharmaceutics.
SRC_0104,article,,10.1002/app.53672,DOI,10.1002/app.53672,https://doi.org/10.1002/app.53672,,CC BY-NC-ND 4.0,Institutional repository; source document,Novel poly(ester amide) derived from tyrosine amino acid for targeted pulmonary drug delivery of fluticasone propionate. Hussien AbdulKarim et al. (2023). Journal of Applied Polymer Science.
SRC_0105,article,PMC10248792,10.1016/j.ajps.2023.100815,DOI,10.1016/j.ajps.2023.100815,https://doi.org/10.1016/j.ajps.2023.100815,,CC BY-NC-ND 4.0,Institutional repository; source document,Corrugated surface microparticles with chitosan and levofloxacin for improved aerodynamic performance. Chang-Soo Han et al. (2023). Asian Journal of Pharmaceutical Sciences.
SRC_0106,article,,10.1016/j.xphs.2023.11.016,DOI,10.1016/j.xphs.2023.11.016,https://doi.org/10.1016/j.xphs.2023.11.016,,CC BY-NC-ND 4.0,Institutional repository; source document,Ternary Dry Powder Agglomerate Inhalation Formulation of Melatonin With Air Jet Mixing to Improve In Vitro And In Vivo Performance. Qingzhen Zhang et al. (2024). Journal of Pharmaceutical Sciences.
SRC_0107,article,,10.1016/j.ijpharm.2025.125802,DOI,10.1016/j.ijpharm.2025.125802,https://doi.org/10.1016/j.ijpharm.2025.125802,,CC BY-NC-ND 4.0,Institutional repository; source document,Development of high-dose carrier-free inhalable heparin sodium microparticles using co-jet-milling technology. Zhewei Liu et al. (2025). International Journal of Pharmaceutics.
SRC_0108,article,,10.1080/03639045.2019.1620268,DOI,10.1080/03639045.2019.1620268,https://doi.org/10.1080/03639045.2019.1620268,,CC BY-NC-ND 4.0,Institutional repository; source document,Stability test of novel combined formulated dry powder inhalation system containing antibiotic: physical characterization and<i>in vitro</i>–<i>in silico</i>lung deposition results. Edit Benke et al. (2019). Drug Development and Industrial Pharmacy.
SRC_0109,article,,10.1016/j.ajps.2015.08.001,DOI,10.1016/j.ajps.2015.08.001,https://doi.org/10.1016/j.ajps.2015.08.001,,CC BY-NC-ND 4.0,Institutional repository; source document,"Optimizing aerosolization of a high-dose L-arginine powder for pulmonary delivery. First author: Satu Lakio (Monash Institute of Pharmaceutical Sciences, Monash University, Australia). Asian Journal of Pharmaceutical Sciences, 2015."
SRC_0110,article,PMC8515541,10.3892/etm.2021.10788,DOI,10.3892/etm.2021.10788,https://doi.org/10.3892/etm.2021.10788,,CC BY-NC-ND 4.0,Institutional repository; source document,Effect of inner physical properties on powder adhesion in inhalation capsules in case of a high resistance device. Otake et al. (2021). Experimental and Therapeutic Medicine.
SRC_0111,PhD dissertation,,,QUT ePrint ID,107550,https://eprints.qut.edu.au/107550/,,Repository terms; no CC license stated,Institutional repository; source document,"Crystallization Engineering Techniques for Developing a Novel Dry Powder Inhaler Formulation for Ibuprofen. Afrina Afrose. PhD, School of Clinical Sciences, Faculty of Health, Queensland University of Technology (QUT), Australia, 2017."
SRC_0112,MSc thesis,,,NOVA University Lisbon handle,10362/101240,https://hdl.handle.net/10362/101240,,verified CC license,Institutional repository; source document,"Development and optimization of Supercritical CO2-Assisted Spray Drying process towards liposomal dry powder formulations. Beatriz Carolino Oliveira Nobre. MSc dissertation in Chemical & Biochemical Engineering, Faculdade de Ciencias e Tecnologia, Universidade NOVA de Lisboa (FCT-UNL), Portugal, 2020."
SRC_0113,PhD dissertation,,,University of Bath institutional record,use-of-3d-printing-technology-to-investigate-particle-adhesion-an,https://researchportal.bath.ac.uk/en/studentTheses/use-of-3d-printing-technology-to-investigate-particle-adhesion-an/,,CC BY-NC-ND 4.0,Institutional repository; source document,"Use of 3D Printing Technology to Investigate Particle Adhesion and Air Entrainment in a DPI System. Timothy (Tim) Rouse. PhD, Dept of Pharmacy & Pharmacology, University of Bath, UK, 2020."
SRC_0114,PhD dissertation,,,Bradford Scholars handle,10454/19846,https://hdl.handle.net/10454/19846,,CC BY-NC-ND 3.0,Bradford Scholars record; source document,"Jamal, A. J. A. M. A. Investigation to identify the influence of the surface energetics of the dry powder formulations of budesonide and theophylline on their aerodynamic dose emission characteristics. PhD thesis, University of Bradford, 2022. hdl:10454/19846."
SRC_0115,PhD dissertation,,,Bradford Scholars handle,10454/19888,https://hdl.handle.net/10454/19888,,CC BY-NC-ND 3.0,Bradford Scholars record; source document,"Oum, R. Development of dry powder inhaler and nebulised nanoparticle formulations of chrysin for the potential treatment of asthma. PhD thesis, University of Bradford, 2022. hdl:10454/19888."
