"source_id","n_rows_whole","n_rows_particles","pmcid","link","license","verification_sources","citation"
"SRC_0001","21","90","","https://lib.tums.ac.ir/site/catalogue/188821","CC BY 4.0","Written permission, 22 July 2026; TUMS catalogue","Design of salmeterol-carrier particles for a dry powder inhaler formulation. Mohammad Reza Rahmati. PharmD thesis, Tehran University of Medical Sciences, Faculty of Pharmacy, 1391–1392."
"SRC_0002","2","1","","https://lib.tums.ac.ir/site/catalogue/188941","CC BY 4.0","Written permission, 22 July 2026; TUMS catalogue","Preparation and evaluation of inhalable clarithromycin microparticles by spray drying. Eshagh Esfandi. PharmD thesis, Tehran University of Medical Sciences, Faculty of Pharmacy, 1391–1392."
"SRC_0003","10","12","","https://lib.tums.ac.ir/site/catalogue/189459","CC BY 4.0","Written permission, 22 July 2026; TUMS catalogue","Evaluation of the effect of sugars on the stability of IgG processed by spray-freeze drying. Behnaz Daneshmand. PharmD thesis, Tehran University of Medical Sciences, Faculty of Pharmacy, 1395–1396."
"SRC_0004","18","57","","https://lib.tums.ac.ir/site/catalogue/189511","CC BY 4.0","Written permission, 22 July 2026; TUMS catalogue","Formulation and pharmacokinetic evaluation of a dry powder inhaler containing sildenafil–PLGA nanoparticles. Elham Ghasemian. PhD thesis, Tehran University of Medical Sciences, Faculty of Pharmacy, 1393–1394."
"SRC_0005","6","17","","https://lib.tums.ac.ir/site/catalogue/189608","CC BY 4.0","Written permission, 22 July 2026; TUMS catalogue","Preparation of spray-dried infliximab powder and characterization of its anti-inflammatory effect in a mouse model of acute asthma. Homa Faghihi. PhD dissertation, Tehran University of Medical Sciences, Faculty of Pharmacy, 2015–2016."
"SRC_0006","4","10","","https://lib.tums.ac.ir/site/catalogue/189474","CC BY 4.0","Written permission, 22 July 2026; TUMS catalogue","Evaluation of the effect of simultaneous presence of sugar and cyclodextrin on the stability of IgG processed by spray-freeze drying. Maryam Amini Pouya. PharmD thesis #5552, Tehran University of Medical Sciences, Faculty of Pharmacy, 1395-96 (2016-2017)."
"SRC_0007","15","32","","https://lib.tums.ac.ir/site/catalogue/191052","CC BY 4.0","Written permission, 22 July 2026; TUMS catalogue","Design and evaluation of inhalable rizatriptan particles processed by spray freeze drying. Mahsa Keyhan Shokouh. PharmD thesis, Tehran University of Medical Sciences, Faculty of Pharmacy, 1396–1397."
"SRC_0009","5","25","","https://lib.tums.ac.ir/site/catalogue/224577","CC BY 4.0","Written permission, 22 July 2026; TUMS catalogue","Design and evaluation of inhalable gemifloxacin particles processed by spray freeze drying. PharmD thesis on spray-processed inhalable antibiotic powder (figures reference gemifloxacin, cyclodextrins), Tehran University of Medical Sciences, Faculty of Pharmacy, ~2020."
"SRC_0010","5","26","","https://lib.tums.ac.ir/site/catalogue/229307","CC BY 4.0","Written permission, 22 July 2026; TUMS catalogue","Processing of desmopressin dry powder inhaler by spray freeze drying and evaluation of formulation variables on aerodynamic properties and drug stability. PharmD thesis on dry powder inhaler of desmopressin (peptide), Tehran University of Medical Sciences, Faculty of Pharmacy, ~2021. Title/author/supervisor not present in extracted pages."
"SRC_0011","11","42","","https://lib.tums.ac.ir/site/catalogue/235784","CC BY 4.0","Written permission, 22 July 2026; TUMS catalogue","Processing of oseltamivir phosphate dry powder inhaler by spray drying and evaluation of formulation variables on aerodynamic properties and drug stability. Rojin Abinama. PharmD thesis, Tehran University of Medical Sciences, Faculty of Pharmacy, 1401-02 (2022-2023)."
"SRC_0012","9","49","","https://lib.tums.ac.ir/site/catalogue/231804","CC BY 4.0","Written permission, 22 July 2026; TUMS catalogue","Processing of montelukast dry powder inhaler by spray freeze drying and evaluation of formulation variables on aerodynamic properties. Kimia Azad. PharmD thesis, Tehran University of Medical Sciences, Faculty of Pharmacy, n.d. [date not stated in the source document]."
"SRC_0013","14","22","","https://lib.tums.ac.ir/site/catalogue/195701","CC BY 4.0","Written permission, 22 July 2026; TUMS catalogue","Processing of buserelin dry powder inhaler by spray freeze drying, evaluation of formulation variables on drug stability, and pharmacokinetic study of the optimized formulation. Mostafa Rostamnejad. PhD (Pharmaceutics) thesis پ-525, Tehran University of Medical Sciences, Faculty of Pharmacy, 1402 (2023)."
"SRC_0014","9","19","","https://lib.tums.ac.ir/site/catalogue/231801","CC BY 4.0","Written permission, 22 July 2026; TUMS catalogue","Formulation and evaluation of physicochemical properties of a dry powder inhaler containing posaconazole nanoparticles. Mohammad Mahdi Ramezani. PharmD thesis, Tehran University of Medical Sciences, Faculty of Pharmacy, 1401–1402 [2022–2023]."
"SRC_0015","3","10","","https://lib.tums.ac.ir/site/catalogue/205580","CC BY 4.0","Written permission, 22 July 2026; TUMS catalogue","Formulation of a cinacalcet dry powder inhaler and evaluation of its pharmacokinetic variables using an isolated perfused rat lung model. Katayoun Mireskandari. PhD thesis, Tehran University of Medical Sciences, Faculty of Pharmacy, 1403 [2024–2025]."
"SRC_0016","8","34","","https://lib.tums.ac.ir/site/catalogue/260454","CC BY 4.0","Written permission, 22 July 2026; TUMS catalogue","Evaluation of the effect of amino acids on improving the aerodynamic properties of gemifloxacin inhalable particles processed by spray drying. Marzieh Aghadadashi. PharmD thesis, Tehran University of Medical Sciences, International Campus, Faculty of Pharmacy, 1403–1404."
"SRC_0017","9","26","","https://lib.tums.ac.ir/site/catalogue/259688","CC BY 4.0","Written permission, 22 July 2026; TUMS catalogue","Design of inhalable oseltamivir phosphate particles processed by spray freeze drying and evaluation of formulation variables affecting aerodynamic properties and stability. Elaheh Morovvati. PharmD thesis, Tehran University of Medical Sciences, International Campus, Faculty of Pharmacy, 1403–1404."
"SRC_0018","2","10","","https://lib.tums.ac.ir/site/catalogue/197815","CC BY 4.0","Written permission, 22 July 2026; TUMS catalogue","Formulation of parathyroid hormone using spray freeze drying to prepare a dry powder inhaler. Narges Poursina. PhD dissertation, Tehran University of Medical Sciences, Faculty of Pharmacy, 1394–1395."
"SRC_0019","2","0","","https://doi.org/10.14356/hptf.18506","CC BY 2.1 JP","Source document; Crossref; PubMed Central; OpenAlex","Preparation and Evaluation of Enhanced Alveoli-delivery Dry Powder Inhaler Formulations. Jun Yee TSE et al. (2020). Hosokawa Powder Technology Foundation ANNUAL REPORT."
"SRC_0020","2","0","PMC7757990","https://doi.org/10.22037/ijpr.2019.15208.12963","CC BY 3.0","PubMed Central; Journal policy","Preparation, Statistical Optimization and In-vitro Characterization of a Dry Powder Inhaler (DPI) Containing Solid Lipid Nanoparticles Encapsulating Amphotericin B: Ion Paired Complexes with Distearoyl Phosphatidylglycerol. Mehrabani Yeganeh E (2020). Iranian journal of pharmaceutical research : IJPR."
"SRC_0021","4","22","PMC7356266","https://doi.org/10.3390/pharmaceutics12060535","CC BY 4.0","Source document; Crossref; PubMed Central; OpenAlex","Development of an Innovative, Carrier-Based Dry Powder Inhalation Formulation Containing Spray-Dried Meloxicam Potassium to Improve the In Vitro and In Silico Aerodynamic Properties. Edit Benke et al. (2020). Pharmaceutics."
"SRC_0022","5","3","PMC7822152","https://doi.org/10.3390/pharmaceutics13010009","CC BY 4.0","Source document; Crossref; PubMed Central; OpenAlex","Development and Evaluation of Paclitaxel and Curcumin Dry Powder for Inhalation Lung Cancer Treatment. Wing-Hin Lee et al. (2020). Pharmaceutics."
"SRC_0023","16","30","PMC7824383","https://doi.org/10.3390/pharmaceutics13010026","CC BY 4.0","Source document; Crossref; PubMed Central; OpenAlex","Organic Solution Advanced Spray-Dried Microparticulate/Nanoparticulate Dry Powders of Lactomorphin for Respiratory Delivery: Physicochemical Characterization, In Vitro Aerosol Dispersion, and Cellular Studies. Wafaa Alabsi et al. (2020). Pharmaceutics."
"SRC_0024","3","5","PMC7760073","https://doi.org/10.3390/pharmaceutics12121154","CC BY 4.0","Source document; Crossref; PubMed Central; OpenAlex","Development of High Dose Oseltamivir Phosphate Dry Powder for Inhalation Therapy in Viral Pneumonia. Shahir Aziz et al. (2020). Pharmaceutics."
"SRC_0026","4","20","PMC8043385","https://doi.org/10.1371/journal.pone.0249683","CC BY 4.0","Source document; Crossref; PubMed Central; OpenAlex","Puerarin dry powder inhaler formulations for pulmonary delivery: Development and characterization. Md Abdur Rashid et al. (2021). PLOS ONE."
"SRC_0027","6","15","PMC8699692","https://doi.org/10.1371/journal.pone.0261720","CC BY 4.0","Source document; Crossref; PubMed Central; OpenAlex","Inhaled ciprofloxacin-loaded poly(2-ethyl-2-oxazoline) nanoparticles from dry powder inhaler formulation for the potential treatment of lower respiratory tract infections. Mohammad Zaidur Rahman Sabuj et al. (2021). PLOS ONE."
"SRC_0028","1","16","","https://doi.org/10.1016/j.ijpharm.2022.121758","CC BY 4.0","Source document; Crossref; PubMed Central; OpenAlex","Leucine improves the aerosol performance of dry powder inhaler formulations of siRNA-loaded nanoparticles. You Xu et al. (2022). International Journal of Pharmaceutics."
"SRC_0029","2","0","","https://doi.org/10.3389/fddev.2022.945459","CC BY 4.0","Source document; Crossref; PubMed Central; OpenAlex","Inhalable Composite Microparticles Containing siRNA-Loaded Lipid-Polymer Hybrid Nanoparticles: Saccharides and Leucine Preserve Aerosol Performance and Long-Term Physical Stability. You Xu et al. (2022). Frontiers in Drug Delivery."
"SRC_0030","4","0","","https://doi.org/10.3389/fddev.2022.973599","CC BY 4.0","Source document; Crossref; PubMed Central; OpenAlex","Optimizing the design and dosing of dry powder inhaler formulations of the cationic liposome adjuvant CAF®01 for pulmonary immunization. Aneesh Thakur et al. (2022). Frontiers in Drug Delivery."
"SRC_0031","1","0","PMC8955190","https://doi.org/10.3390/ph15030321","CC BY 4.0","Source document; Crossref; PubMed Central; OpenAlex","Novel Fluticasone Propionate and Salmeterol Fixed-Dose Combination Nano-Encapsulated Particles Using Polyamide Based on L-Lysine. Mohammad H. Alyami et al. (2022). Pharmaceuticals."
"SRC_0032","8","0","PMC9610629","https://doi.org/10.3390/ph15101223","CC BY 4.0","Source document; Crossref; PubMed Central; OpenAlex","Stability of Inhaled Ciprofloxacin-Loaded Poly(2-ethyl-2-oxazoline) Nanoparticle Dry Powder Inhaler Formulation in High Stressed Conditions. Mohammad Zaidur Rahman Sabuj et al. (2022). Pharmaceuticals."
"SRC_0033","7","1","PMC8876093","https://doi.org/10.3390/pharmaceutics14020300","CC BY 4.0","Source document; Crossref; PubMed Central; OpenAlex","Rational Development of a Carrier-Free Dry Powder Inhalation Formulation for Respiratory Viral Infections via Quality by Design: A Drug-Drug Cocrystal of Favipiravir and Theophylline. Si Nga Wong et al. (2022). Pharmaceutics."
"SRC_0034","4","28","","https://doi.org/10.1016/j.ijpharm.2023.122702","CC BY 4.0","Source document; Crossref; PubMed Central; OpenAlex","Role of dispersion enhancer selection in the development of novel tratinterol hydrochloride dry powder inhalation formulations. Tingting Liu et al. (2023). International Journal of Pharmaceutics."
"SRC_0035","3","0","","https://doi.org/10.1016/j.ejpb.2023.06.018","CC BY 4.0","Source document; Crossref; PubMed Central; OpenAlex","Spray dried progesterone formulations for carrier free dry powder inhalation. Thomas Hibbard et al. (2023). European Journal of Pharmaceutics and Biopharmaceutics."
"SRC_0036","6","23","PMC10386112","https://doi.org/10.3390/mi14071348","CC BY 4.0","Source document; Crossref; PubMed Central; OpenAlex","Investigation of Physico-Chemical Stability and Aerodynamic Properties of Novel “Nano-in-Micro” Structured Dry Powder Inhaler System. Petra Party et al. (2023). Micromachines."
"SRC_0037","5","20","PMC9966768","https://doi.org/10.3390/pharmaceutics15020674","CC BY 4.0","Source document; Crossref; PubMed Central; OpenAlex","Impact of Leucine and Magnesium Stearate on the Physicochemical Properties and Aerosolization Behavior of Wet Milled Inhalable Ibuprofen Microparticles for Developing Dry Powder Inhaler Formulation. Shahjabeen Sharif et al. (2023). Pharmaceutics."
"SRC_0038","8","32","PMC10145907","https://doi.org/10.3390/pharmaceutics15041238","CC BY 4.0","Source document; Crossref; PubMed Central; OpenAlex","Pulmonary Application of Novel Antigen-Loaded Chitosan Nano-Particles Co-Administered with the Mucosal Adjuvant C-Di-AMP Resulted in Enhanced Immune Stimulation and Dose Sparing Capacity. Thomas Ebensen et al. (2023). Pharmaceutics."
"SRC_0039","18","75","PMC9845529","https://doi.org/10.1093/rb/rbac099","CC BY 4.0","Source document; Crossref; PubMed Central; OpenAlex","Inhalable microparticles as drug delivery systems to the lungs in a dry powder formulations. Karolina Knap et al. (2023). Regenerative Biomaterials."
"SRC_0040","1","3","","https://doi.org/10.1016/j.jaerosci.2023.106290","CC BY 4.0","Source document; Crossref; PubMed Central; OpenAlex","Preparing dry powder inhalation formulation of salbutamol sulfate using an ultrasonic atomizer device. Shadi Yaqoubi et al. (2024). Journal of Aerosol Science."
"SRC_0041","2","17","","https://doi.org/10.1016/j.ijpharm.2024.123841","CC BY 4.0","Source document; Crossref; PubMed Central; OpenAlex","Inhaled dry powder liposomal azithromycin for treatment of chronic lower respiratory tract infection. Yahya H. Dallal Bashi et al. (2024). International Journal of Pharmaceutics."
"SRC_0042","8","28","","https://doi.org/10.1016/j.ejps.2024.106828","CC BY 4.0","Source document; Crossref; PubMed Central; OpenAlex","Influence of particle diameter on aerosolization performance and release of budesonide loaded mesoporous silica particles. Irès van der Zwaan et al. (2024). European Journal of Pharmaceutical Sciences."
"SRC_0043","9","24","PMC11268259","https://doi.org/10.1080/10717544.2024.2381340","CC BY 4.0","Source document; Crossref; PubMed Central; OpenAlex","Disordered mesoporous silica particles: an emerging platform to deliver proteins to the lungs. Aura Rocío Hernández et al. (2024). Drug Delivery."
"SRC_0044","4","16","PMC10818896","https://doi.org/10.3390/ph17010075","CC BY 4.0","Source document; Crossref; PubMed Central; OpenAlex","A Novel Combined Dry Powder Inhaler Comprising Nanosized Ketoprofen-Embedded Mannitol-Coated Microparticles for Pulmonary Inflammations: Development, In Vitro–In Silico Characterization, and Cell Line Evaluation. Heba Banat et al. (2024). Pharmaceuticals."
"SRC_0045","1","9","PMC11206430","https://doi.org/10.3390/ph17060754","CC BY 4.0","Source document; Crossref; PubMed Central; OpenAlex","Design of Experiment (DoE) Approach for Developing Inhalable PLGA Microparticles Loaded with Clofazimine for Tuberculosis Treatment. Druva Sarika Rongala et al. (2024). Pharmaceuticals."
"SRC_0046","2","4","PMC11357607","https://doi.org/10.3390/pharmaceutics16080980","CC BY 4.0","Source document; Crossref; PubMed Central; OpenAlex","Dry Powder Inhaler Formulation of Lactobacillus rhamnosus GG Targeting Pseudomonas aeruginosa Infection in Bronchiectasis Maintenance Therapy. The-Thien Tran et al. (2024). Pharmaceutics."
"SRC_0047","9","69","PMC11728515","https://doi.org/10.3390/pharmaceutics16121506","CC BY 4.0","Source document; Crossref; PubMed Central; OpenAlex","Development and Characterization of Spray-Dried Combined Levofloxacin–Ambroxol Dry Powder Inhaler Formulation. Ruwani K. Suraweera et al. (2024). Pharmaceutics."
"SRC_0049","4","7","","https://doi.org/10.1016/j.powtec.2025.120788","CC BY 4.0","Source document; Crossref; PubMed Central; OpenAlex","Spray freeze-drying for inhalable L-leucine, mannitol-based microparticles: The impact of process variables, L-leucine, and crystallinity on Aerosolization properties. Lorena Pasero et al. (2025). Powder Technology."
"SRC_0050","8","0","","https://doi.org/10.7324/JAPS.2025.206829","CC BY 4.0","Source document; Crossref; PubMed Central; OpenAlex","Development and evaluation of remdesivir dry powder inhalation formulation by spray drying technique. Mukesh Pandurang Ratnaparkhi et al. (2024). Journal of Applied Pharmaceutical Science."
"SRC_0051","2","7","","https://doi.org/10.3390/app15031547","CC BY 4.0","Source document; Crossref; PubMed Central; OpenAlex","Evaluation of Permeability, Safety, and Stability of Nanosized Ketoprofen Co-Spray-Dried with Mannitol for Carrier-Free Pulmonary Systems. Heba Banat et al. (2025). Applied Sciences."
"SRC_0052","4","25","PMC12072997","https://doi.org/10.3390/ijms26094320","CC BY 4.0","Source document; Crossref; PubMed Central; OpenAlex","Nano-Spray-Drying of Cyclodextrin/Ibuprofen Complexes with Aerosolization-Enhancing Additives for Pulmonary Drug Delivery. Anett Motzwickler-Németh et al. (2025). International Journal of Molecular Sciences."
"SRC_0053","6","7","PMC12587441","https://doi.org/10.1021/acs.molpharmaceut.5c00663","CC BY 4.0","Source document; Crossref; PubMed Central; OpenAlex","Machine Learning-Guided Prediction of Formulation Performance in Inhalable Ciprofloxacin–Bile Acid Dispersions with Antimicrobial and Toxicity Evaluation. Tareq Zeyad Bahjat et al. (2025). Molecular Pharmaceutics."
"SRC_0054","11","53","PMC12030175","https://doi.org/10.3390/pharmaceutics17040466","CC BY 4.0","Source document; Crossref; PubMed Central; OpenAlex","Optimization, In Vitro, and In Silico Characterization of Theophylline Inhalable Powder Using Raffinose-Amino Acid Combination as Fine Co-Spray-Dried Carriers. Petra Party et al. (2025). Pharmaceutics."
"SRC_0055","2","12","PMC12030394","https://doi.org/10.3390/pharmaceutics17040486","CC BY 4.0","Source document; Crossref; PubMed Central; OpenAlex","Nanoparticle-Based Dry Powder Inhaler Containing Ciprofloxacin for Enhanced Targeted Antibacterial Therapy. Petra Party et al. (2025). Pharmaceutics."
"SRC_0056","6","18","PMC12114934","https://doi.org/10.3390/pharmaceutics17050634","CC BY 4.0","Source document; Crossref; PubMed Central; OpenAlex","Preparation of Carrier-Free Inhalable Dry Powder of Rivaroxaban Using Two-Step Milling for Lung-Targeted Delivery. Young-Jin Kim et al. (2025). Pharmaceutics."
"SRC_0057","1","0","PMC12300973","https://doi.org/10.3390/pharmaceutics17070909","CC BY 4.0","Source document; Crossref; PubMed Central; OpenAlex","Three-Compartment Pharmacokinetics of Inhaled and Injected Sinapine Thiocyanate Manifest Prolonged Retention and Its Therapeutics in Acute Lung Injury. Zixin Li et al. (2025). Pharmaceutics."
"SRC_0058","4","19","PMC12567144","https://doi.org/10.3390/pharmaceutics17101339","CC BY 4.0","Source document; Crossref; PubMed Central; OpenAlex","Development of Co-Amorphous Systems for Inhalation Therapy—Part 2: In Silico Guided Co-Amorphous Rifampicin–Moxifloxacin and –Ethambutol Formulations. Eleonore Fröhlich et al. (2025). Pharmaceutics."
"SRC_0059","5","0","PMC6708488","https://doi.org/10.1016/j.xphs.2019.05.011","CC BY 4.0","Source document; Crossref; PubMed Central; OpenAlex","Simultaneous Particle Size Reduction and Homogeneous Mixing to Produce Combinational Powder Formulations for Inhalation by the Single-Step Co-Jet Milling. Junhong Ling et al. (2019). Journal of Pharmaceutical Sciences."
"SRC_0060","5","0","PMC6280810","https://doi.org/10.1007/s13346-017-0462-8","CC BY 4.0","Source document; Crossref; PubMed Central; OpenAlex","Agglomerated novel spray-dried lactose-leucine tailored as a carrier to enhance the aerosolization performance of salbutamol sulfate from DPI formulations. Carlos Molina et al. (2018). Drug Delivery and Translational Research."
"SRC_0061","4","0","PMC6836091","https://doi.org/10.3390/pharmaceutics11100502","CC BY 4.0","Source document; Crossref; PubMed Central; OpenAlex","Inhalable Dry Powder of Bedaquiline for Pulmonary Tuberculosis: In Vitro Physicochemical Characterization, Antimicrobial Activity and Safety Studies. Mohammad A. M. Momin et al. (2019). Pharmaceutics."
"SRC_0062","3","13","PMC8217042","https://doi.org/10.1007/s11095-021-03061-5","CC BY 4.0","Crossref; PubMed Central; Unpaywall","Spray-Congealing and Wet-Sieving as Alternative Processes for Engineering of Inhalation Carrier Particles: Comparison of Surface Properties, Blending and In Vitro Performance. Joana T. Pinto et al. (2021). Pharmaceutical Research."
"SRC_0063","0","4","PMC6321429","https://doi.org/10.3390/pharmaceutics10040252","CC BY 4.0","Source document; Crossref; PubMed Central; OpenAlex; Unpaywall","Moisture-Resistant Co-Spray-Dried Netilmicin with l-Leucine as Dry Powder Inhalation for the Treatment of Respiratory Infections. Cui et al. (2018). Pharmaceutics."
"SRC_0064","0","12","PMC9145523","https://doi.org/10.3390/pharmaceutics14050895","CC BY 4.0","Source document; Crossref; PubMed Central; OpenAlex; Unpaywall","Dry Powder Formulation of Simvastatin Nanoparticles for Potential Application in Pulmonary Arterial Hypertension. Zendehdel Baher et al. (2022). Pharmaceutics."
"SRC_0065","6","0","","https://doi.org/10.31788/RJC.2022.1516652","CC BY 4.0","Source document","In-vitro Physicochemical Properties and Antibacterial Activity of Ciprofloxacin-Carrageenan Inhalable Microspheres. Hariyadi et al. (2022). Rasayan Journal of Chemistry, 15(1), 132–142."
"SRC_0066","2","27","PMC9357420","https://doi.org/10.2147/IJN.S372582","CC BY-NC 3.0","Source document; Crossref; PubMed Central; OpenAlex","Inhalable Nano-Dimpled Microspheres Containing Budesonide-PLGA for Improved Aerodynamic Performance. Chang-Soo Han et al. (2022). International Journal of Nanomedicine."
"SRC_0067","6","51","PMC11994481","https://doi.org/10.2147/IJN.S511099","CC BY-NC 4.0","Source document; Crossref; PubMed Central; OpenAlex","Lung-Targeted Itraconazole Delivery Using PVA-Based Nano-in-Microparticles for Improved Treatment of Pulmonary Aspergillosis. Jin-Hyuk Jeong et al. (2025). International Journal of Nanomedicine."
"SRC_0068","3","27","","https://doi.org/10.33808/clinexphealthsci.1015166","CC BY-NC 4.0","Journal policy","Development of Triamcinolone Acetonide Loaded Poly(lactide-co-glycolic acid) Dry Powder Inhaler Formulations For The Treatment of Asthma. Aysu YURDASİPER (2022). Clinical and Experimental Health Sciences."
"SRC_0069","2","0","","https://doi.org/10.29228/jrp.136","CC BY-NC 4.0","Unpaywall; Journal policy","Formulation and characterization of mometasone furoate and formoterol fumarate containing dry powder inhaler by spray drying and homogenization methods. Yagmur AKDAG et al. (2022). Journal of Research in Pharmacy."
